{
  "id": "",
  "name": "",
  "font_family": "iconfont",
  "css_prefix_text": "icon-",
  "description": "",
  "glyphs": [
    {
      "icon_id": "60347997",
      "name": "女_32",
      "font_class": "nv",
      "unicode": "e65e",
      "unicode_decimal": 58974
    },
    {
      "icon_id": "60347998",
      "name": "男_32",
      "font_class": "nan",
      "unicode": "e65f",
      "unicode_decimal": 58975
    },
    {
      "icon_id": "60347999",
      "name": "中性_32",
      "font_class": "zhongxing",
      "unicode": "e660",
      "unicode_decimal": 58976
    },
    {
      "icon_id": "60348000",
      "name": "Tab_首页（未选中）",
      "font_class": "shouyeweixuanzhong",
      "unicode": "e661",
      "unicode_decimal": 58977
    },
    {
      "icon_id": "60348001",
      "name": "Tab_首页（选中）",
      "font_class": "shouyexuanzhong",
      "unicode": "e662",
      "unicode_decimal": 58978
    },
    {
      "icon_id": "60348002",
      "name": "Tab_分区（选中）",
      "font_class": "fenquxuanzhong",
      "unicode": "e663",
      "unicode_decimal": 58979
    },
    {
      "icon_id": "60348003",
      "name": "Tab_分区（未选中）",
      "font_class": "fenquweixuanzhong",
      "unicode": "e664",
      "unicode_decimal": 58980
    },
    {
      "icon_id": "60348004",
      "name": "Tab_动态（选中）",
      "font_class": "dongtaixuanzhong",
      "unicode": "e665",
      "unicode_decimal": 58981
    },
    {
      "icon_id": "60348005",
      "name": "Tab_动态（未选中）",
      "font_class": "dongtaiweixuanzhong",
      "unicode": "e666",
      "unicode_decimal": 58982
    },
    {
      "icon_id": "60348006",
      "name": "Tab_我的（未选中）",
      "font_class": "wodeweixuanzhong",
      "unicode": "e667",
      "unicode_decimal": 58983
    },
    {
      "icon_id": "60348007",
      "name": "Tab_我的（选中）",
      "font_class": "wodexuanzhong",
      "unicode": "e668",
      "unicode_decimal": 58984
    },
    {
      "icon_id": "60348008",
      "name": "Tab_发现",
      "font_class": "faxianweixuanzhongxuanzhong",
      "unicode": "e669",
      "unicode_decimal": 58985
    },
    {
      "icon_id": "60348009",
      "name": "弹幕数_32",
      "font_class": "danmushu",
      "unicode": "e66a",
      "unicode_decimal": 58986
    },
    {
      "icon_id": "60348010",
      "name": "追番数_32",
      "font_class": "zhuifanshu",
      "unicode": "e66b",
      "unicode_decimal": 58987
    },
    {
      "icon_id": "60348011",
      "name": "直播观看数_32",
      "font_class": "zhiboguankanshu",
      "unicode": "e66c",
      "unicode_decimal": 58988
    },
    {
      "icon_id": "60348012",
      "name": "播放数_32",
      "font_class": "bofangshu",
      "unicode": "e66d",
      "unicode_decimal": 58989
    },
    {
      "icon_id": "60348013",
      "name": "UP主_32",
      "font_class": "UPzhu",
      "unicode": "e66e",
      "unicode_decimal": 58990
    },
    {
      "icon_id": "60348014",
      "name": "视频大小_32",
      "font_class": "shipindaxiao",
      "unicode": "e66f",
      "unicode_decimal": 58991
    },
    {
      "icon_id": "60348015",
      "name": "B币_32",
      "font_class": "Bbi",
      "unicode": "e670",
      "unicode_decimal": 58992
    },
    {
      "icon_id": "60348016",
      "name": "分享_32",
      "font_class": "fenxiang",
      "unicode": "e671",
      "unicode_decimal": 58993
    },
    {
      "icon_id": "60348017",
      "name": "下载_32",
      "font_class": "xiazai",
      "unicode": "e672",
      "unicode_decimal": 58994
    },
    {
      "icon_id": "60348018",
      "name": "收藏_32",
      "font_class": "shoucang",
      "unicode": "e673",
      "unicode_decimal": 58995
    },
    {
      "icon_id": "60348019",
      "name": "收藏（填充）",
      "font_class": "shoucangtianchong",
      "unicode": "e674",
      "unicode_decimal": 58996
    },
    {
      "icon_id": "60348020",
      "name": "随机播放_32",
      "font_class": "suijibofang",
      "unicode": "e675",
      "unicode_decimal": 58997
    },
    {
      "icon_id": "60348021",
      "name": "循环播放_32",
      "font_class": "xunhuanbofang",
      "unicode": "e676",
      "unicode_decimal": 58998
    },
    {
      "icon_id": "60348022",
      "name": "单曲循环_32",
      "font_class": "danquxunhuan",
      "unicode": "e677",
      "unicode_decimal": 58999
    },
    {
      "icon_id": "60348023",
      "name": "全屏_32",
      "font_class": "quanping",
      "unicode": "e678",
      "unicode_decimal": 59000
    },
    {
      "icon_id": "60348024",
      "name": "搜索_32",
      "font_class": "sousuo",
      "unicode": "e679",
      "unicode_decimal": 59001
    },
    {
      "icon_id": "60348025",
      "name": "筛选_32",
      "font_class": "shaixuan",
      "unicode": "e67a",
      "unicode_decimal": 59002
    },
    {
      "icon_id": "60348026",
      "name": "历史记录_32",
      "font_class": "lishijilu",
      "unicode": "e67b",
      "unicode_decimal": 59003
    },
    {
      "icon_id": "60348027",
      "name": "收藏夹_32",
      "font_class": "shoucangjia",
      "unicode": "e67c",
      "unicode_decimal": 59004
    },
    {
      "icon_id": "60348028",
      "name": "筛选排序_32",
      "font_class": "shaixuanpaixu",
      "unicode": "e67d",
      "unicode_decimal": 59005
    },
    {
      "icon_id": "60348029",
      "name": "添加_32",
      "font_class": "tianjia",
      "unicode": "e67e",
      "unicode_decimal": 59006
    },
    {
      "icon_id": "60348030",
      "name": "刷一刷_32",
      "font_class": "shuayishua",
      "unicode": "e67f",
      "unicode_decimal": 59007
    },
    {
      "icon_id": "60348031",
      "name": "44_点点点",
      "font_class": "diandiandianshu",
      "unicode": "e680",
      "unicode_decimal": 59008
    },
    {
      "icon_id": "60348032",
      "name": "撤销_32",
      "font_class": "chexiao",
      "unicode": "e681",
      "unicode_decimal": 59009
    },
    {
      "icon_id": "60348033",
      "name": "关闭（小）_32",
      "font_class": "guanbixiao",
      "unicode": "e682",
      "unicode_decimal": 59010
    },
    {
      "icon_id": "60348034",
      "name": "关闭_32",
      "font_class": "guanbi",
      "unicode": "e683",
      "unicode_decimal": 59011
    },
    {
      "icon_id": "60348035",
      "name": "关闭（大）_44",
      "font_class": "guanbida",
      "unicode": "e684",
      "unicode_decimal": 59012
    },
    {
      "icon_id": "60348036",
      "name": "设置_44",
      "font_class": "shezhi",
      "unicode": "e685",
      "unicode_decimal": 59013
    },
    {
      "icon_id": "60348037",
      "name": "自定义头图_44",
      "font_class": "zidingyitoutu",
      "unicode": "e686",
      "unicode_decimal": 59014
    },
    {
      "icon_id": "60348038",
      "name": "标签_44",
      "font_class": "biaoqian",
      "unicode": "e687",
      "unicode_decimal": 59015
    },
    {
      "icon_id": "60348039",
      "name": "首页-标签_44",
      "font_class": "shouye-biaoqian",
      "unicode": "e688",
      "unicode_decimal": 59016
    },
    {
      "icon_id": "60348040",
      "name": "一键移除_44",
      "font_class": "yijianyichu",
      "unicode": "e689",
      "unicode_decimal": 59017
    },
    {
      "icon_id": "60348041",
      "name": "管理视频_44",
      "font_class": "guanlishipin",
      "unicode": "e68a",
      "unicode_decimal": 59018
    },
    {
      "icon_id": "60348042",
      "name": "稍后观看_44",
      "font_class": "shaohouguankan",
      "unicode": "e68b",
      "unicode_decimal": 59019
    },
    {
      "icon_id": "60348043",
      "name": "使用小窗播放_44",
      "font_class": "shiyongxiaochuangbofang",
      "unicode": "e68c",
      "unicode_decimal": 59020
    },
    {
      "icon_id": "60348044",
      "name": "稿件投诉_44",
      "font_class": "gaojiantousu",
      "unicode": "e68d",
      "unicode_decimal": 59021
    },
    {
      "icon_id": "60348045",
      "name": "不感兴趣_44",
      "font_class": "buganxingqu",
      "unicode": "e68e",
      "unicode_decimal": 59022
    },
    {
      "icon_id": "60348046",
      "name": "不感兴趣(填充)_44",
      "font_class": "buganxingqutianchong",
      "unicode": "e68f",
      "unicode_decimal": 59023
    },
    {
      "icon_id": "60348047",
      "name": "扫一扫_44",
      "font_class": "saoyisao",
      "unicode": "e690",
      "unicode_decimal": 59024
    },
    {
      "icon_id": "60348048",
      "name": "删除_44",
      "font_class": "shanchu",
      "unicode": "e691",
      "unicode_decimal": 59025
    },
    {
      "icon_id": "60348049",
      "name": "返回_32",
      "font_class": "fanhui",
      "unicode": "e692",
      "unicode_decimal": 59026
    },
    {
      "icon_id": "60348050",
      "name": "更多_32",
      "font_class": "gengduo",
      "unicode": "e693",
      "unicode_decimal": 59027
    },
    {
      "icon_id": "60348051",
      "name": "下拉（大）_32",
      "font_class": "xialada",
      "unicode": "e694",
      "unicode_decimal": 59028
    },
    {
      "icon_id": "60348052",
      "name": "收起（大）_32",
      "font_class": "shouqida",
      "unicode": "e695",
      "unicode_decimal": 59029
    },
    {
      "icon_id": "60348053",
      "name": "返回（填充）",
      "font_class": "fanhuitianchong",
      "unicode": "e696",
      "unicode_decimal": 59030
    },
    {
      "icon_id": "60348054",
      "name": "更多（填充）",
      "font_class": "gengduotianchong",
      "unicode": "e697",
      "unicode_decimal": 59031
    },
    {
      "icon_id": "60348055",
      "name": "下拉（填充）",
      "font_class": "xialatianchong",
      "unicode": "e698",
      "unicode_decimal": 59032
    },
    {
      "icon_id": "60348056",
      "name": "收起（填充）",
      "font_class": "shouqitianchong",
      "unicode": "e699",
      "unicode_decimal": 59033
    },
    {
      "icon_id": "60348057",
      "name": "下拉（小）_32",
      "font_class": "xialaxiao",
      "unicode": "e69a",
      "unicode_decimal": 59034
    },
    {
      "icon_id": "60348058",
      "name": "收起（小）_32",
      "font_class": "shouqixiao",
      "unicode": "e69b",
      "unicode_decimal": 59035
    },
    {
      "icon_id": "60348059",
      "name": "播放器-弹幕（关）_44",
      "font_class": "bofangqi-danmuguan",
      "unicode": "e69c",
      "unicode_decimal": 59036
    },
    {
      "icon_id": "60348060",
      "name": "播放器-弹幕（开）_44",
      "font_class": "bofangqi-danmukai",
      "unicode": "e69d",
      "unicode_decimal": 59037
    },
    {
      "icon_id": "60348061",
      "name": "播放器-选集_44",
      "font_class": "bofangqi-xuanji",
      "unicode": "e69e",
      "unicode_decimal": 59038
    },
    {
      "icon_id": "60348062",
      "name": "播放器-（锁屏）_44",
      "font_class": "bofangqi-suoping",
      "unicode": "e69f",
      "unicode_decimal": 59039
    },
    {
      "icon_id": "60348063",
      "name": "播放器-弹幕顶部（关）_44",
      "font_class": "bofangqi-danmudingbuguan",
      "unicode": "e6a0",
      "unicode_decimal": 59040
    },
    {
      "icon_id": "60348064",
      "name": "播放器-弹幕顶部（开）_44",
      "font_class": "bofangqi-danmudingbukai",
      "unicode": "e6a1",
      "unicode_decimal": 59041
    },
    {
      "icon_id": "60348065",
      "name": "播放器-弹幕底部（关）_44",
      "font_class": "bofangqi-danmudibuguan",
      "unicode": "e6a2",
      "unicode_decimal": 59042
    },
    {
      "icon_id": "60348066",
      "name": "播放器-弹幕底部（开）_44",
      "font_class": "bofangqi-danmudibukai",
      "unicode": "e6a3",
      "unicode_decimal": 59043
    },
    {
      "icon_id": "60348067",
      "name": "播放器-弹幕滚动（关）_44",
      "font_class": "bofangqi-danmugundongguan",
      "unicode": "e6a4",
      "unicode_decimal": 59044
    },
    {
      "icon_id": "60348068",
      "name": "播放器-弹幕滚动（开）_44",
      "font_class": "bofangqi-danmugundongkai",
      "unicode": "e6a5",
      "unicode_decimal": 59045
    },
    {
      "icon_id": "60348069",
      "name": "播放器-弹幕彩色（关）_44",
      "font_class": "bofangqi-danmucaiseguan",
      "unicode": "e6a6",
      "unicode_decimal": 59046
    },
    {
      "icon_id": "60348070",
      "name": "播放器-弹幕彩色（开）_44",
      "font_class": "bofangqi-danmucaisekai",
      "unicode": "e6a7",
      "unicode_decimal": 59047
    },
    {
      "icon_id": "60348071",
      "name": "播放器-弹幕字体（大）_44",
      "font_class": "bofangqi-danmuzitida",
      "unicode": "e6a8",
      "unicode_decimal": 59048
    },
    {
      "icon_id": "60348072",
      "name": "播放器-弹幕字体（小）_44",
      "font_class": "bofangqi-danmuzitixiao",
      "unicode": "e6a9",
      "unicode_decimal": 59049
    },
    {
      "icon_id": "60348073",
      "name": "播放器-播放_44",
      "font_class": "bofangqi-bofang",
      "unicode": "e6aa",
      "unicode_decimal": 59050
    },
    {
      "icon_id": "60348074",
      "name": "播放器-暂停_44",
      "font_class": "bofangqi-zanting",
      "unicode": "e6ab",
      "unicode_decimal": 59051
    },
    {
      "icon_id": "60348075",
      "name": "播放器-下一集_44",
      "font_class": "bofangqi-xiayiji",
      "unicode": "e6ac",
      "unicode_decimal": 59052
    },
    {
      "icon_id": "60348076",
      "name": "播放器-AirPlay_44",
      "font_class": "bofangqi-AirPlay",
      "unicode": "e6ad",
      "unicode_decimal": 59053
    },
    {
      "icon_id": "60348077",
      "name": "播放器-后台播放_44",
      "font_class": "bofangqi-houtaibofang",
      "unicode": "e6ae",
      "unicode_decimal": 59054
    },
    {
      "icon_id": "60348078",
      "name": "播放器-镜像反转_44",
      "font_class": "bofangqi-jingxiangfanzhuan",
      "unicode": "e6af",
      "unicode_decimal": 59055
    },
    {
      "icon_id": "60348079",
      "name": "播放器-播放（小电视）",
      "font_class": "bofangqi-bofangxiaodianshi",
      "unicode": "e6b0",
      "unicode_decimal": 59056
    },
    {
      "icon_id": "60348080",
      "name": "播放器-暂停（小电视）",
      "font_class": "bofangqi-zantingxiaodianshi",
      "unicode": "e6b1",
      "unicode_decimal": 59057
    },
    {
      "icon_id": "60348081",
      "name": "排行榜_44",
      "font_class": "paihangbang",
      "unicode": "e6b2",
      "unicode_decimal": 59058
    },
    {
      "icon_id": "60348082",
      "name": "下载完成",
      "font_class": "xiazaiwancheng",
      "unicode": "e6b3",
      "unicode_decimal": 59059
    },
    {
      "icon_id": "60348083",
      "name": "下载失败",
      "font_class": "xiazaishibai",
      "unicode": "e6b4",
      "unicode_decimal": 59060
    },
    {
      "icon_id": "60348084",
      "name": "下载中",
      "font_class": "xiazaizhong",
      "unicode": "e6b5",
      "unicode_decimal": 59061
    },
    {
      "icon_id": "60348085",
      "name": "BILIBILI_LOGO",
      "font_class": "bilibili",
      "unicode": "e6b6",
      "unicode_decimal": 59062
    },
    {
      "icon_id": "60348086",
      "name": "交流（选中）",
      "font_class": "jiaoliuxuanzhong",
      "unicode": "e6b7",
      "unicode_decimal": 59063
    },
    {
      "icon_id": "60348087",
      "name": "交流（未选中）",
      "font_class": "jiaoliuweixuanzhong",
      "unicode": "e6b8",
      "unicode_decimal": 59064
    },
    {
      "icon_id": "60348088",
      "name": "私信",
      "font_class": "sixin",
      "unicode": "e6b9",
      "unicode_decimal": 59065
    },
    {
      "icon_id": "60348089",
      "name": "历史记录",
      "font_class": "lishijilu1",
      "unicode": "e6ba",
      "unicode_decimal": 59066
    },
    {
      "icon_id": "60348090",
      "name": "下载缓存",
      "font_class": "xiazaihuancun",
      "unicode": "e6bb",
      "unicode_decimal": 59067
    },
    {
      "icon_id": "60348091",
      "name": "我的关注",
      "font_class": "wodeguanzhu",
      "unicode": "e6bc",
      "unicode_decimal": 59068
    },
    {
      "icon_id": "60348092",
      "name": "创作中心",
      "font_class": "chuangzuozhongxin",
      "unicode": "e6bd",
      "unicode_decimal": 59069
    },
    {
      "icon_id": "60348093",
      "name": "免流量服务",
      "font_class": "mianliuliangfuwu",
      "unicode": "e6be",
      "unicode_decimal": 59070
    },
    {
      "icon_id": "60348094",
      "name": "BML订单",
      "font_class": "BMLdingdan",
      "unicode": "e6bf",
      "unicode_decimal": 59071
    },
    {
      "icon_id": "60348095",
      "name": "设置",
      "font_class": "shezhi1",
      "unicode": "e6c0",
      "unicode_decimal": 59072
    },
    {
      "icon_id": "60348096",
      "name": "稍后再看",
      "font_class": "shaohouzaikan",
      "unicode": "e6c1",
      "unicode_decimal": 59073
    },
    {
      "icon_id": "60348097",
      "name": "夜间模式",
      "font_class": "yejianmoshi",
      "unicode": "e6c2",
      "unicode_decimal": 59074
    },
    {
      "icon_id": "60348098",
      "name": "主题",
      "font_class": "zhuti",
      "unicode": "e6c3",
      "unicode_decimal": 59075
    },
    {
      "icon_id": "60348099",
      "name": "我的大会员",
      "font_class": "wodedahuiyuan",
      "unicode": "e6c4",
      "unicode_decimal": 59076
    },
    {
      "icon_id": "60348100",
      "name": "钱包",
      "font_class": "qianbao",
      "unicode": "e6c5",
      "unicode_decimal": 59077
    },
    {
      "icon_id": "60348101",
      "name": "32_ic_踩",
      "font_class": "cai",
      "unicode": "e6c6",
      "unicode_decimal": 59078
    },
    {
      "icon_id": "60348102",
      "name": "32_ic_赞",
      "font_class": "zan",
      "unicode": "e6c7",
      "unicode_decimal": 59079
    },
    {
      "icon_id": "60348103",
      "name": "日间模式",
      "font_class": "rijianmoshi",
      "unicode": "e6c8",
      "unicode_decimal": 59080
    },
    {
      "icon_id": "60348104",
      "name": "加载失败替代icon",
      "font_class": "jiazaishibaitidaiicon",
      "unicode": "e6c9",
      "unicode_decimal": 59081
    },
    {
      "icon_id": "60348105",
      "name": "首页",
      "font_class": "shouye",
      "unicode": "e6ca",
      "unicode_decimal": 59082
    },
    {
      "icon_id": "60348106",
      "name": "我的收藏",
      "font_class": "wodeshoucang",
      "unicode": "e6cb",
      "unicode_decimal": 59083
    },
    {
      "icon_id": "60348107",
      "name": "ic_user level_0",
      "font_class": "ic_userlevel_",
      "unicode": "e6cc",
      "unicode_decimal": 59084
    },
    {
      "icon_id": "60348108",
      "name": "ic_user level_1",
      "font_class": "ic_userlevel_1",
      "unicode": "e6cd",
      "unicode_decimal": 59085
    },
    {
      "icon_id": "60348109",
      "name": "ic_user level_2",
      "font_class": "ic_userlevel_2",
      "unicode": "e6ce",
      "unicode_decimal": 59086
    },
    {
      "icon_id": "60348110",
      "name": "ic_user level_3",
      "font_class": "ic_userlevel_3",
      "unicode": "e6cf",
      "unicode_decimal": 59087
    },
    {
      "icon_id": "60348111",
      "name": "ic_user level_4",
      "font_class": "ic_userlevel_4",
      "unicode": "e6d0",
      "unicode_decimal": 59088
    },
    {
      "icon_id": "60348112",
      "name": "ic_user level_5",
      "font_class": "ic_userlevel_5",
      "unicode": "e6d1",
      "unicode_decimal": 59089
    },
    {
      "icon_id": "60348113",
      "name": "ic_user level_6",
      "font_class": "ic_userlevel_6",
      "unicode": "e6d2",
      "unicode_decimal": 59090
    },
    {
      "icon_id": "60348114",
      "name": "二维码",
      "font_class": "erweima",
      "unicode": "e6d3",
      "unicode_decimal": 59091
    },
    {
      "icon_id": "60348115",
      "name": "钱包",
      "font_class": "qianbao1",
      "unicode": "e6d4",
      "unicode_decimal": 59092
    },
    {
      "icon_id": "60348116",
      "name": "电视剧-01",
      "font_class": "dianshiju-",
      "unicode": "e6d5",
      "unicode_decimal": 59093
    },
    {
      "icon_id": "60348117",
      "name": "编辑推荐",
      "font_class": "bianjituijian",
      "unicode": "e6d6",
      "unicode_decimal": 59094
    },
    {
      "icon_id": "60348118",
      "name": "电视剧",
      "font_class": "dianshiju",
      "unicode": "e6d7",
      "unicode_decimal": 59095
    },
    {
      "icon_id": "60348119",
      "name": "冬",
      "font_class": "dong",
      "unicode": "e6d8",
      "unicode_decimal": 59096
    },
    {
      "icon_id": "60348120",
      "name": "电影",
      "font_class": "dianying",
      "unicode": "e6d9",
      "unicode_decimal": 59097
    },
    {
      "icon_id": "60348121",
      "name": "广告",
      "font_class": "guanggao",
      "unicode": "e6da",
      "unicode_decimal": 59098
    },
    {
      "icon_id": "60348122",
      "name": "春",
      "font_class": "chun",
      "unicode": "e6db",
      "unicode_decimal": 59099
    },
    {
      "icon_id": "60348123",
      "name": "鬼畜",
      "font_class": "guixu",
      "unicode": "e6dc",
      "unicode_decimal": 59100
    },
    {
      "icon_id": "60348124",
      "name": "番剧推荐",
      "font_class": "fanjutuijian",
      "unicode": "e6dd",
      "unicode_decimal": 59101
    },
    {
      "icon_id": "60348125",
      "name": "国产动画推荐",
      "font_class": "guochandonghuatuijian",
      "unicode": "e6de",
      "unicode_decimal": 59102
    },
    {
      "icon_id": "60348126",
      "name": "生活",
      "font_class": "shenghuo",
      "unicode": "e6df",
      "unicode_decimal": 59103
    },
    {
      "icon_id": "60348127",
      "name": "时尚",
      "font_class": "shishang",
      "unicode": "e6e0",
      "unicode_decimal": 59104
    },
    {
      "icon_id": "60348128",
      "name": "索引",
      "font_class": "suoyin",
      "unicode": "e6e1",
      "unicode_decimal": 59105
    },
    {
      "icon_id": "60348129",
      "name": "时间表",
      "font_class": "shijianbiao",
      "unicode": "e6e2",
      "unicode_decimal": 59106
    },
    {
      "icon_id": "60348130",
      "name": "我的追番",
      "font_class": "wodezhuifan",
      "unicode": "e6e3",
      "unicode_decimal": 59107
    },
    {
      "icon_id": "60348131",
      "name": "科技-04",
      "font_class": "keji-",
      "unicode": "e6e4",
      "unicode_decimal": 59108
    },
    {
      "icon_id": "60348132",
      "name": "完结推荐",
      "font_class": "wanjietuijian",
      "unicode": "e6e5",
      "unicode_decimal": 59109
    },
    {
      "icon_id": "60348133",
      "name": "游戏",
      "font_class": "youxi",
      "unicode": "e6e6",
      "unicode_decimal": 59110
    },
    {
      "icon_id": "60348134",
      "name": "直播",
      "font_class": "zhibo",
      "unicode": "e6e7",
      "unicode_decimal": 59111
    },
    {
      "icon_id": "60348135",
      "name": "娱乐",
      "font_class": "yule",
      "unicode": "e6e8",
      "unicode_decimal": 59112
    },
    {
      "icon_id": "60348136",
      "name": "最新连载",
      "font_class": "zuixinlianzai",
      "unicode": "e6e9",
      "unicode_decimal": 59113
    },
    {
      "icon_id": "60348137",
      "name": "已追番",
      "font_class": "yizhuifan",
      "unicode": "e6ea",
      "unicode_decimal": 59114
    },
    {
      "icon_id": "60348138",
      "name": "取消关注",
      "font_class": "quxiaoguanzhu",
      "unicode": "e6eb",
      "unicode_decimal": 59115
    },
    {
      "icon_id": "60348139",
      "name": "投诉",
      "font_class": "tousu",
      "unicode": "e6ec",
      "unicode_decimal": 59116
    },
    {
      "icon_id": "60348140",
      "name": "22_ico_emoji",
      "font_class": "_ico_emoji",
      "unicode": "e6ed",
      "unicode_decimal": 59117
    },
    {
      "icon_id": "60348141",
      "name": "16_ico_reply",
      "font_class": "_ico_reply",
      "unicode": "e6ee",
      "unicode_decimal": 59118
    },
    {
      "icon_id": "60348142",
      "name": "22_ico_backtokb",
      "font_class": "_ico_backtokb",
      "unicode": "e6ef",
      "unicode_decimal": 59119
    },
    {
      "icon_id": "60348143",
      "name": "线框加载失败代替icon",
      "font_class": "xiankuangjiazaishibaidaitiicon",
      "unicode": "e6f0",
      "unicode_decimal": 59120
    }
  ]
}
